<?xml version="1.0" encoding="UTF-8"?>
<project-private xmlns="http://www.netbeans.org/ns/project-private/1">
    <editor-bookmarks xmlns="http://www.netbeans.org/ns/editor-bookmarks/2" lastBookmarkId="0"/>
    <open-files xmlns="http://www.netbeans.org/ns/projectui-open-files/2">
        <group>
            <file>file:/C:/Users/rmbab/Documents/NetBeansProjects/MedicalStore/src/medicalstore/Agents.java</file>
            <file>file:/C:/Users/rmbab/Documents/NetBeansProjects/MedicalStore/src/medicalstore/Company.java</file>
            <file>file:/C:/Users/rmbab/Documents/NetBeansProjects/MedicalStore/src/medicalstore/MedicalStore.java</file>
            <file>file:/C:/Users/rmbab/Documents/NetBeansProjects/MedicalStore/src/medicalstore/Splash.java</file>
            <file>file:/C:/Users/rmbab/Documents/NetBeansProjects/MedicalStore/src/medicalstore/loginform.java</file>
            <file>file:/C:/Users/rmbab/Documents/NetBeansProjects/MedicalStore/src/medicalstore/Selling.java</file>
            <file>file:/C:/Users/rmbab/Documents/NetBeansProjects/MedicalStore/src/medicalstore/Medicine.java</file>
        </group>
    </open-files>
</project-private>
